{
    "name": "Dodo",
    "description": "A curious bird creature previously thought to be extinct.",
    "powers": [
        "origins:slow_falling",
        "dodo:fragile",
        "dodo:small_stance",
        "dodo:feathers",
        "dodo:harvest",
        "dodo:hurtsound",
        "dodo:bird_diet",
        "dodo:air_speed",
        "dodo:fall_exhaust",
        "dodo:weak_melee",
        "dodo:launch_up",
        "dodo:wet_feathers"
    ],
    "icon": {
        "item": "minecraft:egg"
    },
    "impact": 1
}