{
    "name": "Nest Building",
    "description": "Reclaim some shedded feathers every time you wake up.",
    "type": "origins:multiple",
    "wakeup": {
      "type": "apoli:action_on_wake_up",
      "block_action": "apoli:nothing",
      "block_condition": "apoli:allow",
      "entity_action": {
        "type": "apoli:and",
        "actions": [
          {
            "type": "apoli:give",
            "item_action": "apoli:nothing",
            "stack": {
              "item": "minecraft:feather",
              "amount": 4
            }
          },
          {
            "type": "apoli:give",
            "item_action": "apoli:nothing",
            "stack": {
              "item": "minecraft:egg",
              "amount": 1
            }
          },
          {
            "type": "apoli:play_sound",
            "sound": "minecraft:entity.chicken.egg"
          }
        ]
      }
    },
    "pluck": {
        "type": "origins:action_on_being_used",
        "bientity_action": {
          "type": "origins:actor_action",
          "cooldown": 1200,
          "action": {
            "type": "origins:give",
            "stack": {
              "item": "minecraft:feather"
            },
            "cooldown": 1200,
            "condition": {
              "type": "origins:equipped_item",
              "equipment_slot": "mainhand",
              "item_condition": {
                "type": "origins:ingredient",
                "ingredient": {
                  "item": "minecraft:shears"
                }
              },
              "item_action": {
                "type": "origins:damage",
                "amount": 40,
                "ignore_unbreaking": false
              }
            }
          }
        },
        "cooldown": 1200,
        "hud_render": {
            "should_render": false
        }
    }
  }