{
    "name": "Centaur",
    "description": "A being with an upper body closely resembling that of a human with a lower body that of a horse.",
    "powers": [
        "centaur:robust",
        "centaur:imposing",
        "centaur:rideable",
        "centaur:equine_diet",
        "centaur:large_stance",
        "centaur:archery_specialist",
        "centaur:melee_inaptitude",
        "centaur:saddle_bags",
        "centaur:weapon_specialty",
        "centaur:no_flight",
        "centaur:horse_kick",
        "centaur:armor_recipe"
    ],
    "icon": {
        "item": "minecraft:saddle"
    },
    "impact": 2
}