{   "type": "origins:multiple",
    "hidden": true,
    "leather_to": {
        "type": "origins:recipe",
        "recipe": {
            "id": "centaur:armor_recipe/leather_armor",
            "type": "minecraft:crafting_shapeless",
            "ingredients": [
                {
                    "item": "minecraft:leather_horse_armor"
                }
            ],
            "result": {
                "item": "minecraft:leather_leggings"
            }
        }
    },
    "iron_to": {
        "type": "origins:recipe",
        "recipe": {
            "id": "centaur:armor_recipe/iron_armor",
            "type": "minecraft:crafting_shapeless",
            "ingredients": [
                {
                    "item": "minecraft:iron_horse_armor"
                }
            ],
            "result": {
                "item": "minecraft:iron_leggings"
            }
        }
    },
    "gold_to": {
        "type": "origins:recipe",
        "recipe": {
            "id": "centaur:armor_recipe/golden_armor",
            "type": "minecraft:crafting_shapeless",
            "ingredients": [
                {
                    "item": "minecraft:golden_horse_armor"
                }
            ],
            "result": {
                "item": "minecraft:golden_leggings"
            }
        }
    },
    "diamond_to": {
        "type": "origins:recipe",
        "recipe": {
            "id": "centaur:armor_recipe/diamond_armor",
            "type": "minecraft:crafting_shapeless",
            "ingredients": [
                {
                    "item": "minecraft:diamond_horse_armor"
                }
            ],
            "result": {
                "item": "minecraft:diamond_leggings"
            }
        }
    },
    "leather_from": {
        "type": "origins:recipe",
        "recipe": {
            "id": "centaur:armor_recipe/leather_horse",
            "type": "minecraft:crafting_shapeless",
            "ingredients": [
                {
                    "item": "minecraft:leather_leggings"
                }
            ],
            "result": {
                "item": "minecraft:leather_horse_armor"
            }
        }
    },
    "iron_from": {
        "type": "origins:recipe",
        "recipe": {
            "id": "centaur:armor_recipe/iron_horse",
            "type": "minecraft:crafting_shapeless",
            "ingredients": [
                {
                    "item": "minecraft:iron_leggings"
                }
            ],
            "result": {
                "item": "minecraft:iron_horse_armor"
            }
        }
    },
    "gold_from": {
        "type": "origins:recipe",
        "recipe": {
            "id": "centaur:armor_recipe/golden_horse",
            "type": "minecraft:crafting_shapeless",
            "ingredients": [
                {
                    "item": "minecraft:golden_leggings"
                }
            ],
            "result": {
                "item": "minecraft:golden_horse_armor"
            }
        }
    },
    "diamond_from": {
        "type": "origins:recipe",
        "recipe": {
            "id": "centaur:armor_recipe/diamond_horse",
            "type": "minecraft:crafting_shapeless",
            "ingredients": [
                {
                    "item": "minecraft:diamond_leggings"
                }
            ],
            "result": {
                "item": "minecraft:diamond_horse_armor"
            }
        }
    }
}