{
    "name": "Melee Inaptitude",
    "description": "Due to your lower body's physique of a horse, melee combat is a bit more cumbersome, but you can handle large weapons better. Additionally, you can do extra damage when running.",
    "badges": [
        {
            "type": "origins:tooltip",
            "text": "40% slower attack speed, +1 increase to attack range. You do not suffer attack speed consequences from dual-wielding large weapons.",
            "sprite": "origins:textures/gui/badge/info.png"
        }
    ],
    "type": "origins:multiple",
    "melee": {
        "type": "origins:attribute",
        "modifiers": [
            {
                "attribute": "generic.attack_speed",
                "operation": "multiply_total",
                "value": -0.4
            },
            {
                "name": "Extra Reach attack reach",
                "attribute": "forge:entity_reach",
                "value": 1.0,
                "operation": "addition"
            }
        ]
    },
    "momentum_o": {
        "type": "origins:action_on_hit",
        "bientity_action": {
            "type": "origins:target_action",
            "action": {
                "type": "origins:damage",
                "amount": "4",
                "damage_type": "minecraft:fly_into_wall"
            }
        },
        "bientity_condition": {
            "type": "origins:actor_condition",
            "condition": {
                "type": "origins:sprinting"
            }
        }
    }
}