{
    "name": "Heavy",
    "description": "Your heavy body makes flight very difficult. Unable to equip an elytra, and slow falling effects are less effective.",
    "type": "origins:multiple",

    "disable-elytra": {
        "type": "origins:restrict_armor",
        "chest": {
            "type": "origins:ingredient",
            "ingredient": {
                "item": "minecraft:elytra"
            }
        }
    },

    "disable-elytra-equip": {
        "type": "origins:prevent_item_use",
        "item_condition": {
            "type": "origins:ingredient",
            "ingredient": {
                "item": "minecraft:elytra"
            }
        }
    },

    "disable-flight": {
        "type": "origins:prevent_elytra_flight"
    },

    "slow-falling-weaker": {
        "type": "origins:modify_status_effect_amplifier",
        "status_effect": "minecraft:slow_falling",
        "modifier": {
            "operation": "add_base_early",
            "value": -1
        }
    }
}