{
    "name": "Weapon specialty",
    "hidden": true,
    "type": "origins:multiple",
    "compensate_stats_1": {
        "type": "origins:conditioned_attribute",
        "modifiers": [
            {
                "attribute": "generic.attack_speed",
                "operation": "multiply_total",
                "value": 1.1
            },
            {
                "attribute": "generic.attack_damage",
                "operation": "multiply_base",
                "value": 1.25
            }
        ],
        "condition": {
            "type": "origins:and",
            "conditions": [
                {
                    "type": "origins:equipped_item",
                    "equipment_slot": "mainhand",
                    "item_condition": {
                        "type": "origins:ingredient",
                        "ingredient": {
                            "tag": "centaur:reach_1_weapons"
                        }
                    }
                },
                {
                    "type": "origins:equipped_item",
                    "equipment_slot": "offhand",
                    "item_condition": {
                        "type": "origins:ingredient",
                        "ingredient": {
                            "tag": "centaur:all_shields"
                        }
                    }
                }
            ]
        }
    },
    "compensate_stats_2": {
        "type": "origins:conditioned_attribute",
        "modifiers": [
            {
                "attribute": "generic.attack_speed",
                "operation": "multiply_total",
                "value": 1.25
            },
            {
                "attribute": "generic.attack_damage",
                "operation": "multiply_base",
                "value": 3.5
            }
        ],
        "condition": {
            "type": "origins:and",
            "conditions": [
                {
                    "type": "origins:equipped_item",
                    "equipment_slot": "mainhand",
                    "item_condition": {
                        "type": "origins:ingredient",
                        "ingredient": {
                            "tag": "centaur:reach_2_weapons"
                        }
                    }
                },
                {
                    "type": "origins:equipped_item",
                    "equipment_slot": "offhand",
                    "item_condition": {
                        "type": "origins:ingredient",
                        "ingredient" : {
                            "tag": "centaur:all_shields"
                        }
                    }
                }
            ]
        }
    },
    "no_mf_1": {
        "type": "origins:effect_immunity",
        "effects": [
            "minecraft:mining_fatigue"
        ],
        "condition": {
            "type": "origins:and",
            "conditions": [
                {
                    "type": "origins:equipped_item",
                    "equipment_slot": "mainhand",
                    "item_condition": {
                        "type":"origins:ingredient",
                        "ingredient": {
                            "tag": "centaur:reach_1_weapons"
                        }
                    }
                },
                {
                    "type": "origins:equipped_item",
                    "equipment_slot": "offhand",
                    "item_condition": {
                        "type": "origins:ingredient",
                        "ingredient" : {
                            "tag": "centaur:all_shields"
                        }
                    }
                }
            ]
        }
    },
    "no_mf_2": {
        "type": "origins:effect_immunity",
        "effects": [
            "minecraft:mining_fatigue"
        ],
        "condition": {
            "type": "origins:and",
            "conditions": [
                {
                    "type": "origins:equipped_item",
                    "equipment_slot": "mainhand",
                    "item_condition": {
                        "type":"origins:ingredient",
                        "ingredient": {
                            "tag": "centaur:reach_2_weapons"
                        }
                    }
                },
                {
                    "type": "origins:equipped_item",
                    "equipment_slot": "offhand",
                    "item_condition": {
                        "type": "origins:ingredient",
                        "ingredient" : {
                            "tag": "centaur:all_shields"
                        }
                    }
                }
            ]
        }
    }
}